﻿<parameters>
  <parameter name="IIS Web Application Name" defaultValue="__Sitename__" tags="IisApp">
    <parameterEntry kind="ProviderPath" scope="IisApp" match="^C:\\projects\\vsts\\Fabrikam\\FabrikamFiber\.Web\\obj\\Release\\Package\\PackageTmp$" />
    <parameterEntry kind="ProviderPath" scope="setAcl" match="^C:\\projects\\vsts\\Fabrikam\\FabrikamFiber\.Web\\obj\\Release\\Package\\PackageTmp$" />
  </parameter>
  <parameter name="Location" description="Description for Location" defaultValue="__LOCATION__">
    <parameterEntry kind="XmlFile" scope="\\web.config$" match="/configuration/appSettings/add[@key='Location']/@value" />
  </parameter>
  <parameter name="Database Server" defaultValue="__sqlservername__" />
  <parameter name="Database Name" defaultValue="__databasename__" />
  <parameter name="Database User" defaultValue="__SQLUser__" />
  <parameter name="Database Password" defaultValue="__SQLPassword__" />
  <parameter name="FabrikamFiber-Express" description="Enter the value for FabrikamFiber-Express connection string" defaultValue="Server=tcp:{Database Server}.database.windows.net,1433;Database={Database Name};User ID={Database User}@{Database Name};Password={Database Password};Encrypt=True;TrustServerCertificate=False;Connection Timeout=30;">
    <parameterEntry kind="XmlFile" scope="Web.config" match="/configuration/connectionStrings/add[@name='FabrikamFiber-Express']/@connectionString" />
  </parameter>
</parameters>